{"uc72yk1z2s8R5492QFnu0w==":"865bapsshriswaminarayan%20mandir%20robbinsville-610x410.jpg","TTP7wvkJtydbaLEFVtM3tQ==":"bhagavan2-613x409.jpg","cEImuHkIDz+VRTkKUZyGEA==":"logo-236x299.jpg","/AYZp3+Vj5eAbVQ/ryMZFA==":"shrij%20maharaj-460x589.jpg","An/yGCr4AmbNzoquCDGMdw==":"bhagwan%20swaminarayan-964x768.jpg","vbZt9XiEJ/uaRQCtsa+zQA==":"dsc-8-2000x1333.jpg","zqSAlMpZlW1qa7B6lSFkzA==":"dsc-171-1999x1328.jpg","6AlWA3A8AbXDOqUE/4InVQ==":"dsc-172-1999x1328.jpg","qdZO1sFq+XOGpj+vpUkhkg==":"dsc-222-1999x1328.jpg","rEk5XkLj5RqceD0vo4Gv4w==":"dsc-233-1999x1328.jpg","eklpxwMmGlNMMK5ZeG05WA==":"dsc-161-2000x1333.jpg","7VkLVBtGYY0As2jR3FLriA==":"dsc-160-2000x1333.jpg","zg7t2EHd+Pyg3ovi8tG1XA==":"dsc-254-1999x1328.jpg","kTBZi8OvyY+O3YDo2BoQpA==":"dsc-119-2000x1333.jpg","3IIqpg+ZiGe19dZziM/lVA==":"dsc-171-2000x1582.jpg","j4y8Z4fivdPnuz/ssfzDLw==":"dsc-221-1999x972.jpg","k8CoIUxNo0SEZqKBfVVKrw==":"dsc-255-1999x1328.jpg","v4jbhMbSy3OSU9ZNUj+2jA==":"dsc-257-1999x1328.jpg","fspMEr01gFDX7HoOBgJHTQ==":"dsc-260-1999x1328.jpg","2mYJipTOwLmxb1Vy99pvNQ==":"dsc-59-2000x1333.jpg","ZSfJ7euAiT0SURFRr1XPHg==":"1jun_baps_wallpaper-1-1920x1200.jpg","4IE5HUGJ+k9m+EYdxPVezg==":"2feb_baps_wallpaper-3-1920x1200.jpg","cl2q6FVmW1AW4Rju7rFrKg==":"books-738x414.png","ODEmvO8p1b0V1j3mAaBESA==":"2016_jholi_utsav_poster_webbanner_updated1-958x264.jpg","ZnKheedOEvpfsrXtK7HZuA==":"2016_jholi_utsav_poster_webbanner_updated1-764x255.jpg","EkI2lZeUqVesxUJ+Vii0kg==":"aksharderi150webbanner-2-980x300.jpg","XtiiIkmQN4p/wW9KqtWBzw==":"baps_pushpadolotsav_news_banner-980x330.jpg","WI3OftTaJ9JnKU0EFSctBw==":"05_may_2011f-1920x1080.jpg","dMy4NKj93Lr7JEAUASA17Q==":"background4.jpg","VvkGeWWzRPc8Cv7+WqouKA==":"2feb_baps_wallpaper-1477x629.jpg","1rno59BNctxOIQME02fqmA==":"2014_07_06_001_sarangpur_f-900x600.jpg","62w9eoSyQLU8M4+NDMOI8g==":"mahant%20swami2-860x645.jpg","Ou0YeWBZ7SL7beqKVlFFDA==":"mhantswami2-960x540.jpg"}